index	sentence1	sentence2	label	sentence2_neg	neg_label	tag
0	Druce is still being held at the prison and is now in isolation , she said .	Druce last night was held in isolation at the same prison .	1	Druce last night was held in isolation at the different prison.	0	antonym
1	A cul de sac with homes burned to the foundation was visible from above .	A cul-de-sac with homes burned to their foundations was visible from above .	1	A cul-de-sac with homes burned to their foundations was invisible from above.	0	antonym
2	They certainly reveal a very close relationship between Boeing and senior Washington officials .	The e-mails reveal the close relationship between Boeing and the Air Force .	1	The e-mails reveal the open relationship between Boeing and the Air Force.	0	antonym
3	They certainly reveal a very close relationship between Boeing and senior Washington officials .	The e-mails reveal the close relationship between Boeing and the Air Force .	1	The e-mails reveal the far relationship between Boeing and the Air Force.	0	antonym
4	They certainly reveal a very close relationship between Boeing and senior Washington officials .	The e-mails reveal the close relationship between Boeing and the Air Force .	1	The e-mails reveal the distant relationship between Boeing and the Air Force.	0	antonym
5	Beleaguered telecommunications gear maker Lucent Technologies is being investigated by two federal agencies for possible violations of U.S. bribery laws in its operations in Saudi Arabia .	Two federal agencies are investigating telecommunications gear maker Lucent Technologies for possible violations of U.S. bribery laws in its operations in Saudi Arabia .	1	Two unitary agencies are investigating telecommunications gear maker Lucent Technologies for possible violations of U.S. bribery laws in its operations in Saudi Arabia.	0	antonym
6	Meanwhile , the U.S. civilian administrator for Iraq , L. Paul Bremer , paid a two-hour visit to the northern cities of Erbil and Sulaimaniyah .	Elsewhere in the north , the American administrator for Iraq , L. Paul Bremer III , paid a brief , low-profile visit to the cities of Erbil and Suleimaniya .	1	Elsewhere in the north, the American administrator for Iraq, L. Paul Bremen III, paid a brief, high-profile visit to the cities of Gerbil and Suleiman.	0	antonym
7	Douglas Robinson , a senior vice president of finance , will take over as chief financial officer on an interim basis .	Douglas Robinson , CA senior vice president , finance , will fill the position in the interim .	1	Douglas Robinson, CA junior vice president, finance, will fill the position in the interim.	0	antonym
8	Druce is still being held at the prison and is now in isolation , she said .	Druce last night was held in isolation at the same prison .	1	Druce last night was held in isolation at the other prison.	0	antonym
9	They also found shortness was associated with a family history of hearing loss .	Shortness was found twice as often in those with hearing loss .	1	Shortness was found twice as rarely in those with hearing loss.	0	antonym
10	They also found shortness was associated with a family history of hearing loss .	Shortness was found twice as often in those with hearing loss .	1	Shortness was found twice as seldom in those with hearing loss.	0	antonym
11	They also found shortness was associated with a family history of hearing loss .	Shortness was found twice as often in those with hearing loss .	1	Shortness was found twice as infrequently in those with hearing loss.	0	antonym
12	Search technology powerhouse Google has released a new beta of its popular Internet Explorer toolbar , adding bells and whistles for surfers .	Search technology powerhouse Google has released a new beta of its popular toolbar for Internet Explorer , adding a pop-up blocker , a controversial Blogger feature , and form-filling functionality .	1	Search technology powerhouse Google has released an old beta of its popular toolbar for Internet Explorer, adding a pop-up blocker, a controversial Blogger feature, and form-filling functionality.	0	antonym
13	Search technology powerhouse Google has released a new beta of its popular Internet Explorer toolbar , adding bells and whistles for surfers .	Search technology powerhouse Google has released a new beta of its popular toolbar for Internet Explorer , adding a pop-up blocker , a controversial Blogger feature , and form-filling functionality .	1	Search technology powerhouse Google has released a new beta of its unpopular toolbar for Internet Explorer, adding a pop-up blocker, a controversial Blogger feature, and form-filling functionality.	0	antonym
14	"Five foreign embassies , including the Singapore embassy in Bangkok , were among those targeted , "" the Singapore statement said ."	Five foreign embassies in Bangkok , including the Singapore embassy , were among those targeted .	1	Five domestic embassies in Bangkok, including the Singapore embassy, were among those targeted.	0	antonym
15	The traditional Mediterranean diet puts the emphasis on vegetables , legumes , fruits , nuts , cereals and olive oil .	The traditional Mediterranean diet contains many components , including a high intake of fruits and vegetables , nuts and cereals , and olive oil .	1	The nontraditional Mediterranean diet contains many components, including a high intake of fruits and vegetables, nuts and cereals, and olive oil.	0	antonym
16	""" I have lots of bad dreams , I have flashbacks , I have lots of anger ."	""" I have lots of bad dreams , flashbacks and lots of anger . """	1	""" I have lots of good dreams, flashbacks and lots of anger. """	0	antonym
17	The leading actress nod went to energetic newcomer Marissa Jaret Winokur as Edna 's daughter Tracy .	Marissa Jaret Winokur , as Tracy , won for best actress in a musical .	1	Marissa Part Winker, as Tracy, won for worst actress in a musical.	0	antonym
18	In the latest violence , insurgents threw a bomb at a U.S. convoy in northern Baghdad , killing one soldier .	Early Monday , insurgents threw a homemade bomb at a U.S. convoy in northern Baghdad , killing an American soldier .	1	Early Monday, insurgents threw a homemade bomb at a U.S. convoy in southern Baghdad, killing an American soldier.	0	antonym
19	"Five foreign embassies , including the Singapore embassy in Bangkok , were among those targeted , "" the Singapore statement said ."	Five foreign embassies in Bangkok , including the Singapore embassy , were among those targeted .	1	Five native embassies in Bangkok, including the Singapore embassy, were among those targeted.	0	antonym
20	The traditional Mediterranean diet puts the emphasis on vegetables , legumes , fruits , nuts , cereals and olive oil .	The traditional Mediterranean diet contains many components , including a high intake of fruits and vegetables , nuts and cereals , and olive oil .	1	The traditional Mediterranean diet contains many components, including a low intake of fruits and vegetables, nuts and cereals, and olive oil.	0	antonym
21	The updated products include Pylon Pro , Pylon Conduit , Pylon Anywhere , and Pylon Application Server .	The new products on the desktop side include the latest versions of Pylon Conduit and Pylon Pro .	1	The old products on the desktop side include the latest versions of Pylon Conduit and Pylon Pro.	0	antonym
22	The updated products include Pylon Pro , Pylon Conduit , Pylon Anywhere , and Pylon Application Server .	The new products on the desktop side include the latest versions of Pylon Conduit and Pylon Pro .	1	The worn products on the desktop side include the latest versions of Pylon Conduit and Pylon Pro.	0	antonym
23	But the inadequate performance of students in various subgroups tagged the state as deficient under the federal No Child Left Behind act .	But the inadequate performance of students in various subgroups , such as race , pushed the state onto the needs-improvement list under the federal No Child Left Behind Act .	1	But the adequate performance of students in various subgroups, such as race, pushed the state onto the needs-improvement list under the federal No Child Left Behind Act.	0	antonym
24	He arrives later this week on the first state visit by a US President .	Mr Bush arrives on Tuesday on the first state visit by an American President .	1	Mr Bush arrives on Tuesday on the last state visit by an American President.	0	antonym
25	He arrives later this week on the first state visit by a US President .	Mr Bush arrives on Tuesday on the first state visit by an American President .	1	Mr Bush arrives on Tuesday on the second state visit by an American President.	0	antonym
26	The dead cavalry have been honored for more than a century with a hilltop granite obelisk and white headstones .	The dead cavalrymen are honored with a hilltop granite obelisk and white headstones .	1	The live cavalrymen are honored with a hilltop granite obelisk and white headstones.	0	antonym
27	The combined companies ' commercial and personal lines will be consolidated under the Travelers brand and will be based in Hartford , Conn . , Travelers ' current headquarters .	The combined company 's commercial lines and personal lines business will be consolidated under the Travelers brand and based in Hartford , Connecticut .	1	The combined company's noncommercial lines and personal lines business will be consolidated under the Travelers brand and based in Hartford, Connecticut.	0	antonym
28	The dead cavalry have been honored for more than a century with a hilltop granite obelisk and white headstones .	The dead cavalrymen are honored with a hilltop granite obelisk and white headstones .	1	The dead cavalrymen are honored with a hilltop granite obelisk and black headstones.	0	antonym
29	The dead cavalry have been honored for more than a century with a hilltop granite obelisk and white headstones .	The dead cavalrymen are honored with a hilltop granite obelisk and white headstones .	1	The alive cavalrymen are honored with a hilltop granite obelisk and white headstones.	0	antonym
30	The mock explosion , the first event in the drill , occurred in a car in industrial south Seattle .	"The mock explosion of a radioactive "" dirty bomb , "" the first event in the weeklong drill , occurred on several acres in the south Seattle industrial area ."	1	The mock explosion of a radioactive dirty bomb, the first event in the weeklong drill, occurred on several acres in the north Seattle industrial area.	0	antonym
31	In the latest top-level shuffle at CNN , Teya Ryan is leaving her post as general manager of U.S. programming , the network announced .	In CNN 's latest move to rejuvenate ratings , the network has ousted Teya Ryan , general manager of U.S. programming .	1	In CNN's latest move to rejuvenate ratings, the network has ousted Day Ryan, local manager of U.S. programming.	0	antonym
32	The combined companies ' commercial and personal lines will be consolidated under the Travelers brand and will be based in Hartford , Conn . , Travelers ' current headquarters .	The combined company 's commercial lines and personal lines business will be consolidated under the Travelers brand and based in Hartford , Connecticut .	1	The combined company's commercial lines and impersonal lines business will be consolidated under the Travelers brand and based in Hartford, Connecticut.	0	antonym
33	Microsoft Corp. this week is releasing the second in a line of seven Microsoft Office Solution Accelerators for its suite .	Microsoft Monday released the second in a planned series of Solution Accelerators for its Office product lineup .	1	Microsoft Monday released the first in a planned series of Solution Accelerators for its Office product lineup.	0	antonym
34	INTEL TODAY disclosed details of its next-generation XScale processor for mobile phones and handheld devices here in San Jose .	Intel on Wednesday unveiled its next-generation processor for cell phones , PDAs , and other wireless devices .	1	Intel on Wednesday unveiled its next  generation processor for cell phones, Pas, and other wired devices.	0	antonym
35	Forecasters said warnings might go up for Cuba later Thursday .	Watches or warnings could be issued for eastern Cuba later on Thursday .	1	Watches or warnings could be issued for eastern Cuba early on Thursday.	0	antonym
36	"A fifth member of the "" Lackawanna Six , "" young Yemeni-American men accused of training at an al-Qaida terrorist camp , pleaded guilty Monday to supporting terrorism ."	A fifth member of an alleged terrorist sleeper cell in a Buffalo suburb pleaded guilty Monday to supporting terrorism .	1	A fifth member of an alleged terrorist sleeper cell in a Buffalo suburb pleaded innocent Monday to supporting terrorism.	0	antonym
37	Coca-Cola said it expected its write-down to cut a quarter of a penny per share from second-quarter earnings .	The write-down will cut a quarter of a penny per share from second-quarter earnings , according to Coca-Cola .	1	To write  down will cut a quarter of a penny per share from first-quarter earnings, according to Coca  Cola.	0	antonym
38	The jury also found Gonzales guilty of using excessive force by dousing Olvera-Carrera with pepper spray .	Gonzales was found guilty of using excessive force by spraying Olvera with pepper spray .	1	Gonzales was found innocent of using excessive force by spraying Over with pepper spray.	0	antonym
39	Micron has declared its first quarterly profit for three years .	Micron 's numbers also marked the first quarterly profit in three years for the DRAM manufacturer .	1	Micron's numbers also marked the second quarterly profit in three years for the DRAM manufacturer.	0	antonym
40	Micron has declared its first quarterly profit for three years .	Micron 's numbers also marked the first quarterly profit in three years for the DRAM manufacturer .	1	Micron's numbers also marked the last quarterly profit in three years for the DRAM manufacturer.	0	antonym
41	Common side effects include nasal congestion , runny nose , sore throat and cough , the FDA said .	The most common side effects after getting the nasal spray were nasal congestion , runny nose , sore throat and cough .	1	The most uncommon side effects after getting the nasal spray were nasal congestion, runny nose, sore throat and cough.	0	antonym
42	Further estimates show that it is the fourth most common cause of cancer in men and the eighth most common in women .	Bladder cancer is the fourth most common cancer in American men and the eighth in women .	1	Bladder cancer is the fourth most uncommon cancer in American men and the eighth in women.	0	antonym
43	No official ceremony was planned to mark the anniversary in Dallas .	In Dallas , no official ceremony marked the anniversary .	1	In Dallas, no unofficial ceremony marked the anniversary.	0	antonym
44	Ricky Clemons ' brief , troubled Missouri basketball career is over .	Missouri kicked Ricky Clemons off its team , ending his troubled career there .	1	Missouri kicked Ricky Clemons off its team, ending his untroubled career there.	0	antonym
45	A weak cold front could bring thunderstorms into South Texas on Sunday at the same time a tropical wave moves in from the Yucatan .	As of today , forecasts show a weak cold front bringing thunderstorms into South Texas on Sunday at the same time a tropical wave moves in from the Yucatan .	1	As of today, forecasts show a strong cold front bringing thunderstorms into South Texas on Sunday at the same time a tropical wave moves in from the Yucatan.	0	antonym
46	A weak cold front could bring thunderstorms into South Texas on Sunday at the same time a tropical wave moves in from the Yucatan .	As of today , forecasts show a weak cold front bringing thunderstorms into South Texas on Sunday at the same time a tropical wave moves in from the Yucatan .	1	As of today, forecasts show a weak warm front bringing thunderstorms into South Texas on Sunday at the same time a tropical wave moves in from the Yucatan.	0	antonym
47	At Tuesday 's arraignment hearing , Marsh pleaded not guilty to 122 counts of burial service fraud and 47 counts of making false statements .	At the hearing he pleaded not guilty to the burial service fraud and false statements charges .	1	At the hearing he pleaded not innocent to the burial service fraud and false statements charges.	0	antonym
48	Both sets of findings were presented Dec. 1 at the annual meeting of the Radiological Society of North America in Chicago .	The study was presented yesterday in Chicago at the annual meeting of the Radiological Society of North America .	1	The study was presented yesterday in Chicago at the perennial meeting of the Radiological Society of North America.	0	antonym
49	Moseley and a senior aide delivered their summary assessments to about 300 American and allied military officers on Thursday .	General Moseley and a senior aide presented their assessments at an internal briefing for American and allied military officers at Nellis Air Force Base in Nevada on Thursday .	1	General Moseley and a junior aide presented their assessments at an internal briefing for American and allied military officers at Ellis Air Force Base in Nevada on Thursday.	0	antonym
50	Both sets of findings were presented Dec. 1 at the annual meeting of the Radiological Society of North America in Chicago .	The study was presented yesterday in Chicago at the annual meeting of the Radiological Society of North America .	1	The study was presented yesterday in Chicago at the biennial meeting of the Radiological Society of North America.	0	antonym
51	Moseley and a senior aide delivered their summary assessments to about 300 American and allied military officers on Thursday .	General Moseley and a senior aide presented their assessments at an internal briefing for American and allied military officers at Nellis Air Force Base in Nevada on Thursday .	1	General Moseley and a senior aide presented their assessments at an internal briefing for American and allied civilian officers at Ellis Air Force Base in Nevada on Thursday.	0	antonym
52	Since then , Acacia had only had supervised visits with her grandmother , she said .	Since then , Acacia has spent little time with her grandmother .	1	Since then, Acacia has spent large time with her grandmother.	0	antonym
53	The commission estimated California lost $ 937 million to corporate tax shelters in 2001 .	California 's lost tax revenue was mostly due to international corporate tax shelters .	1	California's saved tax revenue was mostly due to international corporate tax shelters.	0	antonym
54	""" I would rather be talking about positive numbers than negative ."	"But I would rather be talking about high standards rather than low standards . """	1	"But I would rather be talking about low standards rather than high standards. """	0	antonym
55	The increase reflects lower credit losses and favorable interest rates .	The gain came as a result of fewer credit losses and lower interest rates .	1	The gain came as a result of more credit losses and lower interest rates.	0	antonym
56	The increase reflects lower credit losses and favorable interest rates .	The gain came as a result of fewer credit losses and lower interest rates .	1	The gain came as a result of fewer credit losses and higher interest rates.	0	antonym
57	Kollar-Kotelly has scheduled another antitrust settlement compliance hearing for January .	The judge scheduled another oversight hearing for late January .	1	The judge didn't schedule another oversight hearing for late January.	0	negation
58	The Justice Department and the Federal Communications Commission have the final say .	But the deal must get approval from the Federal Communications Commission and the Justice Department 's antitrust division .	1	But the deal must not get approval from the Federal Communications Commission and the Justice Department's antitrust division.	0	negation
59	Microsoft has identified the freely distributed Linux software as one of the biggest threats to its sales .	The company has publicly identified Linux as one of its biggest competitive threats .	1	The company has not publicly identified Linux as one of its biggest competitive threats.	0	negation
60	The report was sponsored by the Computer & Communications Industry Association ( CCIA ) .	The paper was released by the Computer and Communications Industry Association in Washington .	1	The paper was not released by the Computer and Communications Industry Association in Washington.	0	negation
61	"The government began on September 1 to add the word "" Taiwan "" in English to the cover of new passport , a decision slammed by Beijing ."	The government recently added the word ' Taiwan ' in English to the cover of its new passports , a move slammed by Beijing .	1	The government recently didn't add the word Taiwan in English to the cover of its new passports, a move slammed by Beijing.	0	negation
62	The council includes 13 Shiites , five Kurds , five Sunnis , one Christian and one Turkoman .	There are five ethnic Kurds , five Sunni Muslims , a Christian and a Turkoman .	1	There are no five ethnic Kurds, five Sunni Muslims, a Christian and a Turkoman.	0	negation
63	The defense cannot appeal Roush 's ruling until after the trial .	Defense lawyers cannot appeal the ruling until after trial , in the appellate courts .	1	Defense lawyers can appeal the ruling until after trial, in the appellate courts.	0	negation
64	Lovett 's father , Ron Lovett , issued a statement apologising for his son 's behaviour .	The father , Ron Lovett , issued a statement through a family member Monday , apologizing for his son 's behavior .	1	The father, Ron Lovett, didn't issue a statement through a family member Monday, apologizing for his son's behavior.	0	negation
65	The bomb exploded in Helmand province aboard a bus en route to the provincial capital , Lashkar Gah , according to news agency reports .	The bomb exploded in Helmand Province aboard a bus headed for the provincial capital , Lashkar Gah , according to wire reports .	1	The bomb didn't explode in Helmand Province aboard a bus headed for the provincial capital, Lashkar Gas, according to wire reports.	0	negation
66	The jury also found Gonzales guilty of using excessive force by dousing Olvera-Carrera with pepper spray .	Gonzales was found guilty of using excessive force by spraying Olvera with pepper spray .	1	Gonzales was not found guilty of using excessive force by spraying Over with pepper spray.	0	negation
67	The work appears in the Oct. 22 / 29 issue of the Journal of the American Medical Association .	The study appears in Wednesday 's Journal of the American Medical Association ( news - web sites ) .	1	The study doesn't appear in Wednesday's Journal of the American Medical Association (news - web sites) .	0	negation
68	The blast occurred at 5 a.m. in the capital 's Al-Bayaa district , police said .	The 5 a.m. blast occurred in the city 's Al Bayaa district .	1	The 5 a.m. blast didn't occur in the city's Al Bayaa district.	0	negation
69	""" They were tossed around like feathers , "" Gordon said ."	""" The concrete barriers ( between lanes ) were being tossed around like feathers . """	1	""" The concrete barriers (between lanes) were not being tossed around like feathers. """	0	negation
70	On May 22 , 2002 , a man walking his dog came across some of Levy 's bones in Washington 's Rock Creek Park .	On May 22 , 2002 , the first of Levy 's weathered bones were found in Washington 's Rock Creek Park .	1	On May 22, 2002, the first of Levy's weathered bones were not found in Washington's Rock Creek Park.	0	negation
71	After three months , Atkins dieters had lost an average of 14.7 pounds compared to 5.8 pounds in the conventional group .	Three months into the study , the Atkins group had lost an average of about 15 pounds , compared with five for the low-fat group .	1	Three months into the study, the Atkins group had not lost an average of about 15 pounds, compared with five for the low-fat group.	0	negation
72	He arrives later this week on the first state visit by a US President .	Mr Bush arrives on Tuesday on the first state visit by an American President .	1	Mr Bush doesn't arrive on Tuesday on the first state visit by an American President.	0	negation
73	Started on Christmas Day in 1931 , the Met 's matinee broadcasts have introduced opera to millions of people around the world .	"Started on Christmas Day in 1931 with Humperdinck 's "" Hansel and Gretel , "" the Met matinee broadcasts have introduced opera to millions of people around the world ."	1	"Started on Christmas Day in 1931 with Humperdinck's ""Hansel and Gretel"", the Met matinee broadcasts have not introduced opera to millions of people around the world."	0	negation
74	""" I would rather be talking about positive numbers than negative ."	"But I would rather be talking about high standards rather than low standards . """	1	"But I would not rather talking about high standards rather than low standards. """	0	negation
75	The dead cavalry have been honored for more than a century with a hilltop granite obelisk and white headstones .	The dead cavalrymen are honored with a hilltop granite obelisk and white headstones .	1	The dead cavalrymen are not honored with a hilltop granite obelisk and white headstones.	0	negation
76	States of emergency were declared in all four states as well as West Virginia , Delaware , New Jersey and Washington DC .	States of emergency were declared in North Carolina , Virginia , Washington DC , Maryland , West Virginia , Delaware , Pennsylvania and New Jersey .	1	States of emergency were not declared in North Carolina, Virginia, Washington DC, Maryland, West Virginia, Delaware, Pennsylvania and New Jersey.	0	negation
77	In September , Hewlett-Packard signed a development and marketing deal with the company .	Four months later it signed a joint marketing agreement with Hewlett-Packard Co .	1	Four months later it didn't sign a joint marketing agreement with Hewlett-Packard Co.	0	negation
78	According to Tuesday 's report , consumers ' assessment of current conditions was less favourable than a month earlier .	Consumers ' assessment of current conditions was less favorable than last month .	1	Consumers assessment of current conditions was not less favorable than last month.	0	negation
79	The addition of the house shooting expands the investigation area east by two miles , with the police now examining a seven-mile section of the freeway .	The house shooting expands the investigation area east by three kilometres , with the police now examining an 11-kilometre section of the freeway .	1	The house shooting doesn't expand the investigation area east by three kilometers, with the police now examining an 11-kilometre section of the freeway.	0	negation
80	That fire devastated timber on the reservation , charred 469,000 acres and destroyed 491 homes in surrounding communities .	That fire devastated the reservation , a nearby national forest and several communities , burning 469,000 acres and destroying 491 homes .	1	That fire didn't devastate the reservation, a nearby national forest and several communities, burning 469,000 acres and destroying 491 homes.	0	negation
81	Terri Schiavo , 39 , suffered severe brain damage following a heart attack 13 years ago .	She suffered severe brain damage following a heart attack in 1990 .	1	She didn't suffer severe brain damage following a heart attack in 1990.	0	negation
82	Both strain 121 and Pyrolobus belong to a branch on the tree of life known as the archaea .	Both Strain 121 and Pyrolobus fumarii are members of the unusual life domain known as Archaea .	1	Both Strain 121 and Perilous Maria are not members of the unusual life domain known as Archaea.	0	negation
83	But those modest gains weren 't nearly enough to offset the loss of 43,000 jobs in Santa Clara County and 18,000 jobs in the San Francisco-Peninsula-Marin area .	But those tiny gains weren 't nearly enough to offset the loss of nearly 62,000 jobs in the Santa Clara County-San Francisco areas .	1	But those tiny gains were nearly enough to offset the loss of nearly 62,000 jobs in the Santa Clara County-San Francisco areas .	0	negation
84	The 2 1 / 2 -ton probe will plunge into the thick Jovian atmosphere today at 3 : 49 p.m. Eastern time , disintegrating moments later from the friction generated by its 108,000-mph free-fall .	The 2 1 / 2-ton probe will plunge into the thick Jovian atmosphere today at 1 : 49 p.m. MDT , disintegrating moments later from the friction generated by its 108,000 mph free-fall .	1	The 2 1 / 2-ton probe will not plunge into the thick Jovian atmosphere today at 1 : 49 p.m. MDT, disintegrating moments later from the friction generated by its 108,000 mph free-fall.	0	negation
85	Brendsel and chief financial officer Vaughn Clarke resigned June 9 .	The company 's chief executive retired and chief financial officer resigned .	1	The company's chief executive retired, and chief financial officer didn't resign.	0	negation
86	Tail wagging , Abbey trotted on stage with Conway before a crowd of more than 10,000 attendees at PeopleSoft 's annual customer conference at the Anaheim Convention Center .	On Monday , Abbey trotted on stage , tail wagging , with Conway before a crowd of 10,000 attendees at PeopleSoft 's annual customer conference .	1	On Monday, Abbey didn't trot on stage, tail wagging, with Conway before a crowd of 10,000 attendees at PeopleSoft's annual customer conference.	0	negation
87	That fire devastated timber on the reservation , while charring 469,000 acres and destroying 491 homes in surrounding communities .	That fire devastated the reservation , a nearby national forest and several communities , burning 469,000 acres and destroying 491 homes .	1	That fire didn't devastate the reservation, a nearby national forest and several communities, burning 469,000 acres and destroying 491 homes.	0	negation
88	The combined companies ' commercial and personal lines will be consolidated under the Travelers brand and will be based in Hartford , Conn . , Travelers ' current headquarters .	The combined company 's commercial lines and personal lines business will be consolidated under the Travelers brand and based in Hartford , Connecticut .	1	The combined company's commercial lines and personal lines business will not be consolidated under the Travelers brand and based in Hartford, Connecticut.	0	negation
89	The 90-minute exchange in Boston took place at a debate focusing on the issues of interest to young people .	The 90-minute exchange took place at a debate , focusing on the issues of interest to young people , broadcast live from Faneuil Hall in Boston .	1	The 90-minute exchange didn't take place at a debate, focusing on the issues of interest to young people, broadcast live from Faneuil Hall in Boston.	0	negation
90	Proposition 34 , a campaign financing initiative that voters passed in 2000 , limits fund raising and spending by gubernatorial candidates .	Proposition 34 , a campaign financing initiative passed by the voters in 2000 , limits fund-raising and spending by candidates for governor .	1	Proposition 34, a campaign financing initiative passed by the voters in 2000, doesn't limit fund-raising and spending by candidates for governor.	0	negation
91	Stanford ( 51-17 ) and Rice ( 57-12 ) will play for the national championship tonight .	Rice ( 57-12 ) and Stanford ( 51-17 ) will meet in a winner-take-all matchup at 6 : 05 p.m. Monday .	1	Rice (57-12) and Stanford (51-17) will not meet in a winner-take-all matchup at 6 : 05 p.m. Monday.	0	negation
92	"Scott McClellan , a White House spokesman , called the decision "" troubling and flawed . """	"White House spokesman Scott McClellan called the Padilla ruling "" troubling and flawed ."	1	White House spokesman Scott McClellan didn't call the Padilla ruling troubling and flawed.	0	negation
93	Smith , 59 , is charged with fraud for allegedly filing false reports to FBI headquarters about Leung 's reliability and with gross negligence for allegedly allowing her access to classified materials .	Smith , 59 , is charged with filing false reports to FBI headquarters about Leung 's reliability and allowing her access to classified materials .	1	Smith, 59, is not charged with filing false reports to FBI headquarters about Leung's reliability and allowing her access to classified materials.	0	negation
94	Authorities questioned O 'Dell in Pennsylvania over the weekend after identifying her through records at the self-storage company .	Authorities interviewed O 'Dell in Pennsylvania over the weekend after identifying her through records at Customer Storage Rentals .	1	Authorities didn't interview O 'Dell in Pennsylvania over the weekend after identifying her through records at Customer Storage Rentals.	0	negation
95	EnCana also reaffirmed its forecast of 10 per cent internal sales growth in 2003 and 2004 .	Looking ahead the company confirmed its forecast of 10 per cent internal sales growth in 2003 and 2004 .	1	Looking ahead the company didn't confirm its forecast of 10 per cent internal sales growth in 2003 and 2004.	0	negation
96	The traditional Mediterranean diet puts the emphasis on vegetables , legumes , fruits , nuts , cereals and olive oil .	The traditional Mediterranean diet contains many components , including a high intake of fruits and vegetables , nuts and cereals , and olive oil .	1	The traditional Mediterranean diet doesn't contain many components, including a high intake of fruits and vegetables, nuts and cereals, and olive oil.	0	negation
97	Loan losses , investment writedowns and legal costs led to the largest-ever loss for a European bank last year .	Loan losses , investment writedowns and legal costs led to the loss last year , the largest ever for a European bank .	1	Loan losses, investment write downs and legal costs didn't lead to the loss last year, the largest ever for a European bank.	0	negation
98	Then , suddenly , the ONS reported a fresh 0.6 per cent slump in manufacturing output .	The ONS this week reported a surprise 0.6 per cent fall in manufacturing output in August .	1	The ONS this week didn't report a surprise 0.6 per cent fall in manufacturing output in August.	0	negation
99	Even as little as 2 or 3 grams of trans fat a day  a glazed doughnut has 4 grams  can increase health risks .	Even as little as 2 or 3 grams of trans fat a day can increase the health risk .	1	Even as little as 2 or 3 grams of trans fat a day can not increase the health risk.	0	negation
100	There were conflicting reports about the number of casualties yesterday .	There were sharply conflicting reports tonight on the death toll .	1	There were no sharply conflicting reports tonight on the death toll.	0	negation
101	The loss ends the run of four straight Williams vs. Williams major finals , all won by Serena .	"The loss ends a run of four straight "" Sister Slam "" major finals  all won by Venus ' sister , Serena ."	1	The loss doesn't end a run of four straight Sister Slam major finals  all won by Venus sister, Serena.	0	negation
102	Mr. Mask said Mr. Cullen would be taken from the Somerset County Jail by Thursday and moved to the Ann Klein Forensic Hospital just outside Trenton for psychiatric care .	Charles Cullen , 43 , was transferred from the Somerset County Jail in Somerville to the Anne Klein Forensic Center , a 150-bed psychiatric treatment facility in Trenton .	1	Charles Cullen, 43, was not transferred from the Somerset County Jail in Somerville to the Anne Klein Forensic Center, a 150-bed psychiatric treatment facility in Trenton.	0	negation
103	The euro was at 126.38 / 43 yen little changed from its late U.S. level of 126.35 yen but down sharply from around 127.60 yen the same time on Tuesday .	The euro was around 126.50 yen compared to its late Tuesday U.S. level of 126.35 yen but down sharply from around 127.30 yen in early Asian trade on Tuesday .	1	The euro was not around 126.50 yen compared to its late Tuesday U.S. level of 126.35 yen but down sharply from around 127.30 yen in early Asian trade on Tuesday.	0	negation
104	If convicted of the spying charges , he could face the death penalty .	The charges of espionage and aiding the enemy can carry the death penalty .	1	The charges of espionage and aiding the enemy can not carry the death penalty.	0	negation
105	Wyoming and New Mexico both reported two deaths within the past week .	Wyoming and New Mexico reported their first deaths from the virus this past week .	1	Wyoming and New Mexico didn't report their first deaths from the virus this past week.	0	negation
106	Amazon also reported that the New York Attorney General 's office had settled civil fraud charges with one of the spoofers it identified .	Amazon and the New York attorney general 's office have already settled with one of the alleged e-mail forgers .	1	Amazon and the New York attorney general's office have not settled with one of the alleged e-mail forgers.	0	negation
107	The support will come as a free software upgrade called WebVPN for current customers that have support contracts .	The upgrade will be available as a free download for current customers with SmarNet support in January 2004 .	1	The upgrade will not be available as a free download for current customers with Market support in January 2004.	0	negation
108	Her body was found at the foot of a back staircase in the couple 's expensive home in Durham .	Kathleen Peterson 's body was found in December 2001 at the bottom of a staircase in the couple 's home .	1	Kathleen Peterson's body was not found in December 2001 at the bottom of a staircase in the couple's home.	0	negation
109	"Five foreign embassies , including the Singapore embassy in Bangkok , were among those targeted , "" the Singapore statement said ."	Five foreign embassies in Bangkok , including the Singapore embassy , were among those targeted .	1	Five foreign embassies in Bangkok, including the Singapore embassy, were not among those targeted.	0	negation
110	The commission estimated California lost $ 937 million to corporate tax shelters in 2001 .	California 's lost tax revenue was mostly due to international corporate tax shelters .	1	California's lost tax revenue was not mostly due to international corporate tax shelters.	0	negation
111	The Winston-Salem , North Carolina company opened six stores during the quarter , bringing the total to 282 .	Six new Krispy Kreme stores were opened in the first quarter , bringing the total number of stores to 282 .	1	Six new Krispy Kreme stores were not opened in the first quarter, bringing the total number of stores to 282.	0	negation
112	"Dewhurst 's proposal calls for an abrupt end to the controversial "" Robin Hood "" plan for school finance ."	"The committee would propose a replacement for the "" Robin Hood "" school finance system ."	1	The committee would not propose a replacement for the Robin Hood school finance system.	0	negation
113	His mother contacted the Federal Public Defender 's office in Sacramento , which has agreed to handle his surrender , she says .	His family approached the federal defender 's office in Sacramento Friday about arranging his surrender .	1	His family didn't approach the federal defender's office in Sacramento Friday about arranging his surrender.	0	negation
114	Until now , sales of the entertainment-oriented PCs have been limited to the United States , Canada and Korea .	The computers are currently sold in Canada , the United States , and Korea .	1	The computers are not currently sold in Canada, the United States, and Korea.	0	negation
115	Both sets of findings were presented Dec. 1 at the annual meeting of the Radiological Society of North America in Chicago .	The study was presented yesterday in Chicago at the annual meeting of the Radiological Society of North America .	1	The study was not presented yesterday in Chicago at the annual meeting of the Radiological Society of North America.	0	negation
116	All 180,000 DHS employees soon will receive a lapel pin and personalized certificate bearing the seal , DHS said .	All 180,000 DHS employees will soon receive a DHS lapel pin and a personalized DHS certificate .	1	All 180,000 DHS employees will not soon receive a DHS lapel pin and a personalized DHS certificate.	0	negation
117	""" The European Union is basically absent , "" said Tito Barbini , regional minister for agriculture in Tuscany , Italy ."	Tito Barbini , a regional minister for agriculture in Tuscany , Italy , criticized the absence Tuesday in Sacramento .	1	Tito Barbini, a regional minister for agriculture in Tuscany, Italy, didn't criticize the absence Tuesday in Sacramento.	0	negation
118	Wells  other series include NBC  s ER and Third Watch .	"Wells ' other series include NBC 's "" ER "" and "" Third Watch . """	1	"Wells other series don't include NBC's ER and Third Watch. """	0	negation
119	For the entire season , the average five-day forecast track error was 259 miles , Franklin said .	""" The average track error for the five-day ( forecast ) is 323 nautical miles ."	1	""" The average track error for the five-day (forecast) is not 323 nautical miles."	0	negation
120	The study was published Thursday in The New England Journal of Medicine ( news - web sites ) .	The study was published today in the New England Journal of Medicine .	1	The study was not published today in the New England Journal of Medicine.	0	negation
121	Such a step could put the issue before the UN Security Council .	The matter could then be sent to the U.N. Security Council .	1	The matter could then not be sent to the U.N. Security Council.	0	negation
122	"The pill , which they call the "" polypill , "" would contain aspirin , a cholesterol-lowering drug , three blood pressure-lowering drugs at half the standard dose and folic acid ."	The ingredients of such a polypill would contain aspirin , a cholesterol-lowering statin , three blood pressure-lowering agents in half dose , and folic acid .	1	The ingredients of such a poly pill would not contain aspirin, a cholesterol-lowering statin, three blood pressure-lowering agents in half dose, and folic acid.	0	negation
123	Douglas Robinson , a senior vice president of finance , will take over as chief financial officer on an interim basis .	Douglas Robinson , CA senior vice president , finance , will fill the position in the interim .	1	Douglas Robinson, CA senior vice president, finance, will not fill the position in the interim.	0	negation
124	A cul de sac with homes burned to the foundation was visible from above .	A cul-de-sac with homes burned to their foundations was visible from above .	1	A cul-de-sac with homes burned to their foundations was not visible from above.	0	negation
125	She and her husband left behind two sons : Robert , who was six , and Michael , who was 10 .	The couple left behind two boys , Robert , 6 , and Michael , 10 .	1	The couple didn't leave behind two boys, Robert, 6, and Michael, 10.	0	negation
126	Google 's investors include prominent VC firms Kleiner Perkins Caufield & Byers and Sequoia Capital , the paper noted .	Google 's early stage backers in include California-based Stanford University and VC firms Kleiner Perkins and Sequoia Capital .	1	Google's early stage backers in don't include California-based Stanford University and VC firms Kleiner Perkins and Sequoia Capital.	0	negation
127	Since then , Acacia had only had supervised visits with her grandmother , she said .	Since then , Acacia has spent little time with her grandmother .	1	Since then, Acacia has not spent little time with her grandmother.	0	negation
128	Doctors had planned to deliver him two weeks early , on or around November 14 .	A Caesarean had originally been planned in mid- November , two weeks early .	1	A Cesarean had not originally been planned in mid- November, two weeks early.	0	negation
129	Westfield also will continue discussions over the other co-owned centres , such as Knox City in Melbourne , where Deutsche Bank owns a 50 per cent stake .	Westfield also will continue discussions about the other co-owned centres such as Knox City in Melbourne , half-owned by Deutsche Bank .	1	Westfield also will not continue discussions about the other co-owned centers such as Knox City in Melbourne, half-owned by Deutsche Bank.	0	negation
130	The US will take on Canada in the third-place play-off in Carson on Saturday .	The United States will play Canada in the third-place game Saturday .	1	The United States will not play Canada in the third-place game Saturday.	0	negation
131	A weak cold front could bring thunderstorms into South Texas on Sunday at the same time a tropical wave moves in from the Yucatan .	As of today , forecasts show a weak cold front bringing thunderstorms into South Texas on Sunday at the same time a tropical wave moves in from the Yucatan .	1	As of today, forecasts don't show a weak cold front bringing thunderstorms into South Texas on Sunday at the same time a tropical wave moves in from the Yucatan.	0	negation
132	They also showed the greatest increase in early rapid head growth compared with those children with milder forms of the disorder .	Those children later diagnosed with the most severe autism showed the greatest increase in early rapid head growth compared to those children with milder forms of the disorder .	1	Those children later diagnosed with the most severe autism didn't show the greatest increase in early rapid head growth compared to those children with milder forms of the disorder.	0	negation
133	Elwin Hermanson and the SaskParty would put the future of our Crown corporations  and our economy  at risk ,  the platform reads .	"Elwin Hermanson and the Sask . Party would put the future of our Crown corporations - and our economy - at risk . """	1	"Elwin Hermanson and the Sask. Party would not put the future of our Crown corporations  and our economy  at risk. """	0	negation
134	Site Finder has been visited 65 million times since its introduction , Galvin said .	Through Sunday , Sept . 21 , Site Finder has been visited over 65 million times by Internet users .	1	Through Sunday, Sept. 21, Site Finder has not been visited over 65 million times by Internet users.	0	negation
135	Only Intel Corp. ' s 0.3 percent yield was lower .	Only Intel Corp. has a lower dividend yield .	1	Only Intel Corp. doesn't have a lower dividend yield.	0	negation
136	The new servers will run either Linux or the x86 version of Solaris , he said .	The servers can run Solaris x86 operating system or the standard Linux operating system .	1	The servers can not run Polaris x86 operating system or the standard Linux operating system.	0	negation
137	On Thursday , Long heard arguments from both sides .	Judge Elizabeth Long heard arguments in the state case Thursday .	1	Judge Elizabeth Long didn't hear arguments in the state case Thursday.	0	negation
138	Advanced Micro Devices Inc . Tuesday introduced its Athlon MP 2800 + processor for entry-level one- and two-way servers and workstations .	Advanced Micro Devices on Tuesday launched its newest Athlon chip for workstations and servers .	1	Advanced Micro Devices on Tuesday didn't launch its newest Athlon chip for workstations and servers.	0	negation
139	AMD made the announcement on Tuesday at the Embedded Systems Conference in Boston .	The Sunnyvale , Calif . , chipmaker announced its plans Tuesday at the Embedded Systems Conference in Boston .	1	The Sunnyvale, Calif. , chipmaker didn't announce its plans Tuesday at the Embedded Systems Conference in Boston.	0	negation
140	Micron has declared its first quarterly profit for three years .	Micron 's numbers also marked the first quarterly profit in three years for the DRAM manufacturer .	1	Micron's numbers also didn't mark the first quarterly profit in three years for the DRAM manufacturer.	0	negation
141	They certainly reveal a very close relationship between Boeing and senior Washington officials .	The e-mails reveal the close relationship between Boeing and the Air Force .	1	The e-mails don't reveal the close relationship between Boeing and the Air Force.	0	negation
142	Bush plans to meet with Israeli Prime Minister Ariel Sharon and the new Palestinian prime minister , Mahmoud Abbas , in the Jordanian port of Aqaba on Wednesday .	On Wednesday next week , Mr Bush will meet Israeli Prime Minister Ariel Sharon and new Palestinian leader Mahmoud Abbas in Aqaba , Jordan .	1	On Wednesday next week, Mr Bush will not meet Israeli Prime Minister Ariel Sharon and new Palestinian leader Mahmoud Abbas in Aqaba, Jordan.	0	negation
143	They described the abductor as a Hispanic man in his 30s or early 40s , 5-feet-2 to 5-feet-5 , weighing about 160 pounds .	They described the intruder as being in his 30s to early 40s , from 5-feet-2 to 5-feet-5-inches tall , weighing about 160 pounds .	1	They didn't describe the intruder as being in his 30s to early 40s, from 5-feet-2 to 5-feet-5-inches tall, weighing about 160 pounds.	0	negation
144	In fresh bloodshed last night , four Palestinian militants were killed by an explosion in the Gaza Strip , Palestinian witnesses and medics said .	On Sunday , four Palestinian militants were killed by an explosion in the northern Gaza Strip .	1	On Sunday, four Palestinian militants were not killed by an explosion in the northern Gaza Strip.	0	negation
145	Three other fires in or near the park were contained on Wednesday .	Two fires inside the park and one just outside the park were contained Wednesday afternoon .	1	Two fires inside the park and one just outside the park were not contained Wednesday afternoon.	0	negation
146	Hundreds of people have signed petitions calling for Dr Kelly 's resignation for his handling of allegedly sexually abusive priests .	Hundreds of people have signed petitions calling for Archbishop Thomas Kelly 's resignation for his handling of the crisis .	1	Hundreds of people have not signed petitions calling for Archbishop Thomas Kelly's resignation for his handling of the crisis.	0	negation
147	PCCW 's chief operating officer , Mike Butcher , and Alex Arena , the chief financial officer , will report directly to Mr So .	Current Chief Operating Officer Mike Butcher and Group Chief Financial Officer Alex Arena will report to So .	1	Current Chief Operating Officer Mike Butcher and Group Chief Financial Officer Alex Arena will not report to So.	0	negation
148	That comment undercut his remarks in an interview on Tuesday that the ECB had not exhausted its ammunition for rate cuts .	His comments diluted remarks reported in an interview on Tuesday saying the ECB had not exhausted its ammunition for rate cuts .	1	His comments diluted remarks reported in an interview on Tuesday saying the ECB had exhausted its ammunition for rate cuts.	0	negation
149	They also found shortness was associated with a family history of hearing loss .	Shortness was found twice as often in those with hearing loss .	1	Shortness was not found twice as often in those with hearing loss.	0	negation
150	The April 19 , 1995 , bombing of the Alfred P. Murrah Federal Building came on the second anniversary of the fiery end of the Branch Davidian siege in Waco , Texas .	The April 19 , 1995 , bombing came on the second anniversary of the end of the Branch Davidian siege in Waco , Texas .	1	The April 19, 1995, bombing didn't come on the second anniversary of the end of the Branch Dravidian siege in Waco, Texas.	0	negation
151	The technology is available for download on the Microsoft Developer Network ( MSDN ) site .	WSE version 2 is available from Microsoft 's developer Web site .	1	WE version 2 is not available from Microsoft's developer Website.	0	negation
152	Some 95 million Americans -- half of all households -- invest in mutual funds .	About half of all U.S. households have money in mutual funds .	1	About half of all U.S. households don't have money in mutual funds.	0	negation
153	To put it very simply , Antetonitrus is Brontosaurus 's older brother , hence the name .	Antetonitrus was brontosaurus ' older brother , hence the name .	1	Antetonitrus was not brontosaurus older brother, hence the name.	0	negation
154	Squyres is principal investigator for the Athena payload - a collection of science instruments carted by each rover .	Steve Squyres , a Cornell University scientist , is principal investigator for the missions ' science instruments .	1	Steve Squares, a Cornell University scientist, is not principal investigator for the missions science instruments.	0	negation
155	Both were charged with four counts of aggravated assault and 14 counts of endangering the welfare of children .	The Jacksons each were charged with four counts of aggravated assault and 14 counts of child endangerment .	1	The Jacksons each were not charged with four counts of aggravated assault and 14 counts of child endangerment.	0	negation
156	The last time the survey was conducted , in 1995 , those numbers matched .	In 1995 , the last survey , those numbers were equal .	1	In 1995, the last survey, those numbers were not equal.	0	negation
157	Zilkha and other shareholders , including Coastal founder Oscar Wyatt Jr . , had called for Wise 's firing for months .	Zilkha and other shareholders , including Coastal Corp. founder and vocal El Paso critic Oscar Wyatt Jr . , had called for Wise 's termination for months .	1	Zilkha and other shareholders, including Coastal Corp. founder and vocal El Paso critic Oscar Wyatt Jr. , had not called for Wise's termination for months.	0	negation
158	Wal-Mart estimates more than 100 million Americans visit their stores every week .	Each week 138 million shoppers visit Wal-Mart 's 4,750 stores .	1	Each week 138 million shoppers don't visit Wal-Mart's 4,750 stores.	0	negation
159	Five-time Tour de France winner and cancer survivor Lance Armstrong had a few words of advice for other cancer survivors in Denver on Friday .	Five-time Tour de France winner Lance Armstrong is in Denver today for a meeting about surviving cancer .	1	Five-time Tour de France winner Lance Armstrong is not in Denver today for a meeting about surviving cancer.	0	negation
160	Search technology powerhouse Google has released a new beta of its popular Internet Explorer toolbar , adding bells and whistles for surfers .	Search technology powerhouse Google has released a new beta of its popular toolbar for Internet Explorer , adding a pop-up blocker , a controversial Blogger feature , and form-filling functionality .	1	Search technology powerhouse Google has not released a new beta of its popular toolbar for Internet Explorer, adding a pop-up blocker, a controversial Blogger feature, and form-filling functionality.	0	negation
161	Blair 's government included the charge that Saddam sought uranium from Niger in a September 2002 dossier setting out the case for military action .	Britain included the accusation in a September 2002 dossier setting out the case for war in Iraq .	1	Britain didn't include the accusation in a September 2002 dossier setting out the case for war in Iraq.	0	negation
162	Spinal Concepts , launched in 1996 , makes orthopedic medical devices used during spinal fusion surgical procedures .	Spinal Concepts makes spinal fixation products used during spinal fusion surgery .	1	Spinal Concepts doesn't make spinal fixation products used during spinal fusion surgery.	0	negation
163	Heavy weekend rain and runoff from heavy snowmelt sent a mountain creek on a rampage , washing out a culvert and opening the sinkhole in I-70 east of Vail .	Rain and runoff from heavy snow sent a mountain creek on a rampage , washing out a culvert and opening a 22-foot-wide sinkhole in Interstate 70 east of Vail .	1	Rain and runoff from heavy snow didn't send a mountain creek on a rampage, washing out a culvert and opening a 22-foot-wide sinkhole in Interstate 70 east of View.	0	negation
164	The leading actress nod went to energetic newcomer Marissa Jaret Winokur as Edna 's daughter Tracy .	Marissa Jaret Winokur , as Tracy , won for best actress in a musical .	1	Marissa Jaret Winokur, as Tracy, didn't win for best actress in a musical.	0	negation
165	An arrest warrant claimed Bryant assaulted the woman June 30 at a hotel .	According to an arrest warrant , Bryant , 24 , attacked a woman on June 30 .	1	According to an arrest warrant, Bryant, 24, didn't attack a woman on June 30.	0	negation
166	Other features include FileVault , which secures the contents of a home directory with 128-bit AES encryption on the fly .	A new feature dubbed FileVault , also new in Panther , secures the contents of a user 's home directory with 128-bit AES encryption .	1	A new feature dubbed FileVault, also new in Panther, doesn't secure the contents of a user's home directory with 128-bit AES encryption.	0	negation
167	Those conversations had not taken place as of Tuesday night , according to an Oracle spokeswoman .	Those talks have not taken place , according to an Oracle spokeswoman .	1	Those talks have taken place, according to an Oracle spokeswoman.	0	negation
168	Aiken 's study appears in the Sept . 24 issue of the Journal of the American Medical Association .	The findings appear in Wednesday 's Journal of the American Medical Association .	1	The findings don't appear in Wednesday's Journal of the American Medical Association.	0	negation
169	His band in the early 1930 's included the pianist Teddy Wilson , the saxophonist Chu Berry , the trombonist J. C. Higginbotham and the drummer Sid Catlett .	His band in the early 1930s included pianist Teddy Wilson , saxophonist Chu Berry , trombonist J.C. Higginbotham and drummer Sid Catlett .	1	His band in the early 1930s didn't include pianist Teddy Wilson, saxophonist Chu Berry, trombonist J.C. Higginbotham and drummer Sid Catlett.	0	negation
170	In April , it had forecast operating earnings in the range of 60 to 80 cents a share .	Kodak expects earnings of 5 cents to 25 cents a share in the quarter .	1	Kodak doesn't expect earnings of 5 cents to 25 cents a share in the quarter.	0	negation
171	Tony winners will be announced June 8 at the Radio City Music Hall in New York .	Winners will be announced in a June 8 ceremony broadcast on CBS from Radio City Music Hall .	1	Winners will not be announced in a June 8 ceremony broadcast on CBS from Radio City Music Hall.	0	negation
172	Gateway will release new Profile 4 systems with the new Intel technology on Wednesday .	Gateway 's all-in-one PC , the Profile 4 , also now features the new Intel technology .	1	Gateway's all-in-one PC, the Profile 4, also now doesn't feature the new Intel technology.	0	negation
173	Australia , Chile , Colombia , El Salvador , Honduras , Mexico , New Zealand , Peru and Uruguay will also support the challenge .	Nine other countries , including Australia , Chile , Colombia , El Salvador and Mexico , are supporting the case .	1	Nine other countries, including Australia, Chile, Colombia, El Salvador and Mexico, are not supporting the case.	0	negation
174	"The American decision provoked an angry reaction from the European Commission , which described the move as "" legally unwarranted , economically unfounded and politically unhelpful "" ."	"The European Commission , the EU 's powerful executive body , described the move as "" legally unwarranted , economically unfounded and politically unhelpful . """	1	"The European Commission, the EU's powerful executive body, didn't describe the move as legally unwarranted, economically unfounded and politically unhelpful. """	0	negation
175	""" I have lots of bad dreams , I have flashbacks , I have lots of anger ."	""" I have lots of bad dreams , flashbacks and lots of anger . """	1	""" I don't have lots of bad dreams, flashbacks and lots of anger. """	0	negation
176	Retailers J.C. Penney Co . Inc.JCP.N and Walgreen Co.WAG.N kick things off early in the week .	Retailers J.C. Penney Co . Inc . JCP.N and Walgreen Co . WAG.N kick things off on Monday .	1	Retailers J.C. Penney Co. Inc. JCP. N and Walgreen Co. WAG. N don't kick things off on Monday.	0	negation
177	"Ahold Chairman Henny de Ruiter offered shareholders at the meeting his "" sincere apologies "" for the scandal ."	"Board Chairman Henny de Ruiter offered shareholders at the meeting his "" sincere apologies "" for events at Foodservice and elsewhere in the embattled group ."	1	Board Chairman Henry de Ruiter didn't offer shareholders at the meeting his sincere apologies for events at Food service and elsewhere in the embattled group.	0	negation
178	Federal prosecutors , the Securities and Exchange Commission , and the mortgage company 's regulator launched investigations into Freddie Mac 's shake-up .	The Securities and Exchange Commission and the U.S. Attorney have opened investigations into Freddie Mac over its accounting practices .	1	The Securities and Exchange Commission and the U.S. Attorney have not opened investigations into Freddie Mac over its accounting practices.	0	negation
179	Hampton Township is a few miles northeast of Bay City , about 100 miles away .	Hampton Township is located a few kilometers northeast of Bay City , near Michigan 's Thumb .	1	Hampton Township is not located a few kilometers northeast of Bay City, near Michigan's Thumb.	0	negation
180	Four versions of Windows operating systems are targeted : Windows NT , Windows 2000 , Windows XP and Windows Server 2003 .	The new worm affects these Windows systems : 2000 , XP , NT 4.0 and Server 2003 .	1	The new worm doesn't affect these Windows systems : 2000, XP, NT 4.0 and Server 2003.	0	negation
181	On health care , the NDP says there will be no privatization and no health-care premiums .	The New Democrats also renewed their commitment to no health-care privatization and no premiums .	1	The New Democrats also didn't renew their commitment to no health-care privatization and no premiums.	0	negation
182	Pacific Northwest has more than 800 employees , and Wells Fargo has 2,400 in Washington .	It has 800 employees , compared with Wells Fargo 's 2,400 .	1	It doesn't have 800 employees, compared with Wells Fargo's 2,400.	0	negation
183	"The network is also dropping its Friday night "" Dateline "" edition ."	"The network will drop one edition of "" Dateline , "" its newsmagazine franchise ."	1	The network will not drop one edition of Dateline, its newsmagazine franchise.	0	negation
184	MSN Messenger 6 will be available for download starting at 6 p.m. GMT on Wednesday from http : / / messenger.msn.com / download / v6preview.asp.	The MSN Messenger 6 software will be available from 11 a.m. PST on Wednesday , according to Microsoft .	1	The MSN Messenger 6 software will not be available from 11 a.m. PST on Wednesday, according to Microsoft.	0	negation
185	Kingston also finished with 67 after producing six birdies on the back nine .	South Africa 's James Kingston is also on five under after blitzing six birdies on his back nine .	1	South Africa's James Kingston is not on five under after blitzing six birdies on his back nine.	0	negation
186	Those reports were denied by the interior minister , Prince Nayef .	However , the Saudi interior minister , Prince Nayef , denied the reports .	1	However, the Saudi interior minister, Prince Name, didn't deny the reports.	0	negation
187	ISRAELI soldiers knocked down empty mobile homes and water towers in 10 tiny West Bank settlement outposts overnight as part of a US-backed Mideast peace plan .	Israeli soldiers began tearing down settlement outposts in the West Bank yesterday - an Israeli obligation under a new Mideast peace plan .	1	Israeli soldiers didn't begin tearing down settlement outposts in the West Bank yesterday  an Israeli obligation under a new Mideast peace plan.	0	negation
188	Seven 20- and 21-year-old cadets were ticketed by police for drinking alcohol in an off-campus hotel room early Saturday with two young women , aged 16 and 18 .	Seven 20- and 21-year-old male cadets were caught in an off-campus hotel room early Saturday with two female teens , 16 and 18 years .	1	Seven 20- and 21-year-old male cadets were not caught in an off-campus hotel room early Saturday with two female teens, 16 and 18 years.	0	negation
189	Cisco pared spending during the quarter to compensate for sluggish sales .	In response to sluggish sales , Cisco pared spending .	1	In response to sluggish sales, Cisco didn't pare spending.	0	negation
190	Taha is married to former Iraqi oil minister Amir Muhammed Rasheed , who surrendered to U.S. forces on April 28 .	Taha 's husband , former oil minister Amer Mohammed Rashid , surrendered to U.S. forces on April 28 .	1	Taha's husband, former oil minister Amer Mohammed Rashid, didn't surrender to U.S. forces on April 28.	0	negation
191	Ricky Clemons ' brief , troubled Missouri basketball career is over .	Missouri kicked Ricky Clemons off its team , ending his troubled career there .	1	Missouri didn't kick Ricky Clemons off its team, ending his troubled career there.	0	negation
192	Federal agents said yesterday they are investigating the theft of 1,200 pounds of an explosive chemical from construction companies in Colorado and California in the past week .	Federal investigators are looking for possible connections between the theft of 1,100 pounds of an explosive chemical from construction companies in Colorado and California in the past week .	1	Federal investigators are not looking for possible connections between the theft of 1,100 pounds of an explosive chemical from construction companies in Colorado and California in the past week.	0	negation
193	The increase reflects lower credit losses and favorable interest rates .	The gain came as a result of fewer credit losses and lower interest rates .	1	The gain didn't come as a result of fewer credit losses and lower interest rates.	0	negation
194	Moseley and a senior aide delivered their summary assessments to about 300 American and allied military officers on Thursday .	General Moseley and a senior aide presented their assessments at an internal briefing for American and allied military officers at Nellis Air Force Base in Nevada on Thursday .	1	General Moseley and a senior aide didn't present their assessments at an internal briefing for American and allied military officers at Ellis Air Force Base in Nevada on Thursday.	0	negation
195	A Washington County man may have the countys first human case of West Nile virus , the health department said Friday .	The countys first and only human case of West Nile this year was confirmed by health officials on Sept . 8 .	1	The counties first and only human case of West Nile this year was not confirmed by health officials on Sept. 8.	0	negation
196	The procedure is generally performed in the second or third trimester .	The technique is used during the second and , occasionally , third trimester of pregnancy .	1	The technique is not used during the second and, occasionally, third trimester of pregnancy.	0	negation
197	The service is deploying Cisco 's BTS 10200 Softswitch cable modem termination system and MGXR 8850 voice gateway products .	This solution includes the BTS 10200 soft switch , uBR7246VXR cable modem termination system and MGX 8850 voice gateway products .	1	This solution doesn't include the BTS 10200 soft switch, uBR7246VXR cable modem termination system and MIX 8850 voice gateway products.	0	negation
198	Total Information Awareness is now Terrorism Information Awareness .	The new name will be Terrorism Information Awareness .	1	The new name will not be Terrorism Information Awareness.	0	negation
199	Gartner 's report said global WLAN equipment shipments reached 19.5 million last year , a 120 percent increase over 2001 's 8.9 million units .	Total shipments reached 19.5 million units last year , compared with 8.9 million units in 2001 .	1	Total shipments didn't reach 19.5 million units last year, compared with 8.9 million units in 2001.	0	negation
200	Weyerhaeuser is the one of the worlds largest producers of softwood lumber , with the capacity to produce 7.6 billion board feet a year .	Weyerhaeuser , one of the world 's largest producers of softwood , can produce about 7.6 billion board feet a year .	1	Weyerhaeuser, one of the world's the largest producers of softwood, can not produce about 7.6 billion board feet a year.	0	negation
201	Crohn 's disease causes inflammation of the intestine and symptoms include diarrhea , pain , weight loss and tiredness .	Symptoms include chronic diarrhoea , abdominal pain , weight loss and extreme tiredness .	1	Symptoms don't include chronic diarrhea, abdominal pain, weight loss and extreme tiredness.	0	negation
202	His Chevrolet Tahoe was found abandoned June 25 in a Virginia Beach , parking lot .	His sport utility vehicle was found June 25 , abandoned without its license plates in Virginia Beach , Va .	1	His sport utility vehicle was not found June 25, abandoned without its license plates in Virginia Beach, Va.	0	negation
203	Further estimates show that it is the fourth most common cause of cancer in men and the eighth most common in women .	Bladder cancer is the fourth most common cancer in American men and the eighth in women .	1	Bladder cancer is not the fourth most common cancer in American men and the eighth in women.	0	negation
204	City Councilman Cedric Wilson said those killed were Cpl. James Crump , Officer Arnold Strickland and dispatcher Ace Mealer .	Fayette City Councilman Cedric Wilson identified the dead as Cpl. James Crump , Officer Arnold Strickland and dispatcher Ace Mealer .	1	Fayette City Councilman Cedric Wilson didn't identify the dead as Cpl. James Rump, Officer Arnold Strickland and dispatcher Ace Mealer.	0	negation
205	Clijsters was simply too complete and powerful for the Spanish veteran Conchita Martnez in her quarterfinal , winning , 6-2 , 6-1 .	Clijsters was simply too powerful for Spanish veteran Conchita Martinez , winning 6-2 , 6-1 .	1	Clusters was not simply too powerful for Spanish veteran Conchita Martinez, winning 6-2, 6-1.	0	negation
206	Coca-Cola said it expected its write-down to cut a quarter of a penny per share from second-quarter earnings .	The write-down will cut a quarter of a penny per share from second-quarter earnings , according to Coca-Cola .	1	The write-down will not cut a quarter of a penny per share from second-quarter earnings, according to Coca-Cola.	0	negation
207	The New York Mets then selected outfielder Lastings Milledge from Lakewood Ranch High School in Florida .	The Mets took Lastings Milledge , an outfielder from Florida , with the 12th pick .	1	The Mets didn't take Lastings Milledge, an outfielder from Florida, with the 12th pick.	0	negation
208	The study is being published today in the journal Science .	Their findings were published today in Science .	1	Their findings were not published today in Science.	0	negation
209	CCAG supported Bill Curry , Rowland 's opponent in the 2002 gubernatorial election .	Mr. Swan 's group supported the governor 's Democratic opponent , Bill Curry , in the 2002 election .	1	Mr. Swan's group didn't support the governor's Democratic opponent, Bill Curry, in the 2002 election.	0	negation
210	In a statement , Microsoft said the dividend is payable Nov. 7 to shareholders of record on Oct. 17 .	The dividend , the company 's second this calendar year , is payable on Nov. 7 to shareholders of record at the close of business Oct. 17 .	1	The dividend, the company's second this calendar year, is not payable on Nov. 7 to shareholders of record at the close of business Oct. 17.	0	negation
211	Druce is still being held at the prison and is now in isolation , she said .	Druce last night was held in isolation at the same prison .	1	Druce last night was not held in isolation at the same prison.	0	negation
212	The new research will be published soon in the Proceedings of the National Academy of Sciences .	It will appear in the next few weeks on the Web site of the Proceedings of the National Academy of Sciences .	1	It will not appear in the next few weeks on the Website of the Proceedings of the National Academy of Sciences.	0	negation
213	Jackson 's visit came after a relatively peaceful night in Benton Harbor , which sits in southwestern Michigan about 100 miles northeast of Chicago .	Jackson 's visit followed a relatively peaceful night Thursday in Benton Harbor , about 100 miles northeast of Chicago .	1	Jackson's visit didn't follow a relatively peaceful night Thursday in Benton Harbor, about 100 miles northeast of Chicago.	0	negation
214	The attacks came as Mr Sharon faced down the hardline central committee of his Likud party in Jerusalem .	News of the Hebron incident filtered out as Mr Sharon was facing the hardline central committee of his Likud Party in Jerusalem .	1	News of the Hebron incident filtered out as Mr Sharon was not facing the hardliner central committee of his Likud Party in Jerusalem.	0	negation
215	The subject was scarcely mentioned in his campaign , or in the national security strategy that is his administration 's bible .	The subject was scarcely mentioned in his 2000 campaign , or in his administration 's national security strategy .	1	The subject was not scarcely mentioned in his 2000 campaign, or in his administration's national security strategy.	0	negation
216	On Monday during an annual biotechnology meeting in Washington , President Bush criticized Europe for aggravating hunger in Africa by closing its markets to genetically modified food .	President Bush on Monday accused Europe of aggravating hunger in Africa by closing its markets to genetically modified food .	1	President Bush on Monday didn't accuse Europe of aggravating hunger in Africa by closing its markets to genetically modified food.	0	negation
217	Christensen most recently served as VP of Microsoft 's mobile devices division .	He most recently served as corporate vice president of Microsoft 's Mobile Devices Marketing Group .	1	He most recently didn't serve as corporate vice president of Microsoft's Mobile Devices Marketing Group.	0	negation
218	Microsoft Corp. this week is releasing the second in a line of seven Microsoft Office Solution Accelerators for its suite .	Microsoft Monday released the second in a planned series of Solution Accelerators for its Office product lineup .	1	Microsoft Monday didn't release the second in a planned series of Solution Accelerators for its Office product lineup.	0	negation
219	""" The lies and deceptions from Saddam have been well documented over 12 years . """	"It has been well documented over 12 years of lies and deception from Saddam . """	1	"It has not been well documented over 12 years of lies and deception from Saddam. """	0	negation
220	""" These changes may affect a large number of existing Web pages , "" the statement continued ."	"Still , changes to IE "" may affect a large number of existing Web pages , "" according to the W3C 's notice ."	1	Still, changes to IE may not affect many existing Web pages, according to the W3C's notice.	0	negation
221	The Agriculture Department already has issued a recall for 10,410 pounds of beef slaughtered Dec. 9 at Vern 's Moses Lake Meat Co. in Moses Lake , Wash .	The Agriculture Department already has issued a recall for beef slaughtered along with the infected cow Dec. 9 at a meat company in Moses Lake , Wash .	1	The Agriculture Department has not issued a recall for beef slaughtered along with the infected cow Dec. 9 at a meat company in Moses Lake, Wash.	0	negation
222	She recently got the endorsement of the National Organization for Women and the National Women 's Political Caucus .	Moseley Braun has scored endorsements from the National Organization for Women and the National Women 's Political Caucus .	1	Moseley Braun has not scored endorsements from the National Organization for Women and the National Women's Political Caucus.	0	negation
223	Counties with population declines will be Vermillion , Posey and Madison .	Vermillion , Posey and Madison County populations will decline .	1	Vermilion, Pose and Madison County populations will not decline.	0	negation
224	If found guilty , Samudra could be sentenced to death under anti-terror laws passed soon after the bombings .	If found guilty , he could be executed under anti-terror laws passed in the weeks after the bombings .	1	If found guilty, he could not be executed under anti-terror laws passed in the weeks after the bombings.	0	negation
225	In addition , Panther includes FileVault , a new feature that secures the contents of a home directory with 128-bit AES encryption .	A new feature dubbed FileVault , also new in Panther , secures the contents of a user 's home directory with 128-bit AES encryption .	1	A new feature dubbed FileVault, also new in Panther, doesn't secure the contents of a user's home directory with 128-bit AES encryption.	0	negation
226	The club 's board of directors , chaired by president Florentino Perez , decided against renewing the 52-year-old 's contract .	A meeting of the clubs board of directors , chaired by president Florentino Perez , had decided against renewing the 52-year-olds contract as Real Madrid coach .	1	A meeting of the clubs board of directors, chaired by president Florentino Perez, had not decided against renewing the 52-year-olds contract as Real Madrid coach.	0	negation
227	Hospitals and the Red Cross appealed to blood donors yesterday .	The Connecticut Hospital Association joined the Red Cross Monday in calling for more blood donors .	1	The Connecticut Hospital Association didn't join the Red Cross Monday in calling for more blood donors.	0	negation
228	Remaining shares will be held by QVC 's management .	Members of the QVC management team hold the remaining shares .	1	Members of the QVC management team don't hold the remaining shares.	0	negation
229	This study 's researchers , from the Institute of Child Development of the University of Minnesota , had earlier found the same pattern in children aged three and four .	This study 's researchers , from the Institute of Child Development of the University of Minnesota , had earlier found the same pattern in 3- and 4-year-olds .	1	This study's researchers, from the Institute of Child Development of the University of Minnesota, had not earlier found the same pattern in 3- and 4-year-olds.	0	negation
230	The weather service reported maximum sustained winds of nearly 105 miles an hour with stronger gusts .	Maximum sustained winds were around 40 mph , with stronger gusts .	1	Maximum sustained winds were not around 40 mph, with stronger gusts.	0	negation
231	To date , 152 communities and the legislatures of Alaska , Hawaii and Vermont have approved resolutions condemning the act .	About 150 local governments , including those of Carrboro , Alaska , Hawaii and Vermont , have approved similar resolutions .	1	About 150 local governments, including those of Carrboro, Alaska, Hawaii and Vermont, have not approved similar resolutions.	0	negation
232	Also in the majority were Chief Justice William H. Rehnquist and Justices John Paul Stevens , Sandra Day O 'Connor , Ruth Bader Ginsburg and Stephen G. Breyer .	Chief Justice William H. Rehnquist and Justices John Paul Stevens , Sandra Day OConnor , Ruth Bader Ginsburg and Stephen Breyer agreed with Souter .	1	Chief Justice William H. Rehnquist and Justices John Paul Stevens, Sandra Day OConnor, Ruth Bader Ginsburg and Stephen Breyer didn't agree with Souter.	0	negation
233	Lesser rewards of $ 15 million each were offered for the same information about his sons , Uday and Qusay .	Similar rewards were offered for his two sons and lieutenants , Uday and Qusay .	1	Similar rewards were not offered for his two sons and lieutenants, Uday and Qusay.	0	negation
234	Customers include Mitsubishi , Siemens , DBTel , Dell , HP , Palm , Philips , Sharp , and Sony .	MediaQ 's customers include major handheld makers Mitsubishi , Siemens , Palm , Sharp , Philips , Dell and Sony .	1	MediaQ's customers don't include major handheld makers Mitsubishi, Siemens, Palm, Sharp, Philips, Dell and Sony.	0	negation
235	In the latest top-level shuffle at CNN , Teya Ryan is leaving her post as general manager of U.S. programming , the network announced .	In CNN 's latest move to rejuvenate ratings , the network has ousted Teya Ryan , general manager of U.S. programming .	1	In CNN's latest move to rejuvenate ratings, the network has not ousted Teya Ryan, general manager of U.S. programming.	0	negation
236	The mock explosion , the first event in the drill , occurred in a car in industrial south Seattle .	"The mock explosion of a radioactive "" dirty bomb , "" the first event in the weeklong drill , occurred on several acres in the south Seattle industrial area ."	1	The mock explosion of a radioactive dirty bomb, the first event in the weeklong drill, didn't occur on several acres in the south Seattle industrial area.	0	negation
237	Others with such a status are Egypt , Israel , and Australia .	Nations like Israel and Australia already have such status .	1	Nations like Israel and Australia don't have such status.	0	negation
238	According to reports , Knight allegedly punched a parking attendant outside a Los Angeles nightclub .	He was arrested last week for allegedly punching a parking attendant outside a nightclub in LA .	1	He was not arrested last week for allegedly punching a parking attendant outside a nightclub in LA.	0	negation
239	At this writing , the fate of Alabama Supreme Court Chief Justice Roy Moore hangs precariously in the hands of the states court of the judiciary .	Moore , the suspended chief justice of the Alabama Supreme Court , stands trial before the Alabama Court of the Judiciary .	1	Moore, the suspended chief justice of the Alabama Supreme Court, doesn't stand trial before the Alabama Court of the Judiciary.	0	negation
240	The indictment follows a criminal complaint filed by federal prosecutors on April 23 .	Monday 's three-count indictment replaces a criminal complaint filed by prosecutors on April 23 .	1	Monday's three-count indictment doesn't replace a criminal complaint filed by prosecutors on April 23.	0	negation
241	Along with chipmaker Intel , the companies include Sony Corp. , Microsoft Corp. , Hewlett-Packard Co . , IBM Corp. , Gateway Inc. and Nokia Corp.	Along with chip maker Intel , the companies include Sony , Microsoft , Hewlett-Packard , International Business Machines , Gateway , Nokia and others .	1	Along with chipmaker Intel, the companies don't include Sony, Microsoft, Hewlett-Packard, International Business Machines, Gateway, Nokia and others.	0	negation
242	Officials involved in the Howard project rejected the idea that it could harm black people .	Officials involved in the Howard library rejected the idea of harming African-Americans .	1	Officials involved in the Howard library didn't reject the idea of harming African-Americans.	0	negation
243	But the inadequate performance of students in various subgroups tagged the state as deficient under the federal No Child Left Behind act .	But the inadequate performance of students in various subgroups , such as race , pushed the state onto the needs-improvement list under the federal No Child Left Behind Act .	1	But the inadequate performance of students in various subgroups, such as race, didn't push the state onto the needs-improvement list under the federal No Child Left Behind Act.	0	negation
244	The only other person who had not been accounted for Sunday was a man from Fort Worth , Texas .	Another person , a man from Fort Worth , Texas , also was missing .	1	Another person, a man from Fort Worth, Texas, was not missing.	0	negation
245	Malvo , 18 , will go on trial Nov. 10 for the fatal shooting of FBI analyst Linda Franklin outside a Home Depot store in Falls Church , Va .	Malvo , 18 , is charged in the fatal shooting of FBI analyst Linda Franklin outside a Home Depot store in Falls Church .	1	Malvo, 18, is not charged in the fatal shooting of FBI analyst Linda Franklin outside a Home Depot store in Falls Church.	0	negation
246	The updated products include Pylon Pro , Pylon Conduit , Pylon Anywhere , and Pylon Application Server .	The new products on the desktop side include the latest versions of Pylon Conduit and Pylon Pro .	1	The new products on the desktop side don't include the latest versions of Pylon Conduit and Pylon Pro.	0	negation
247	"A fifth member of the "" Lackawanna Six , "" young Yemeni-American men accused of training at an al-Qaida terrorist camp , pleaded guilty Monday to supporting terrorism ."	A fifth member of an alleged terrorist sleeper cell in a Buffalo suburb pleaded guilty Monday to supporting terrorism .	1	A fifth member of an alleged terrorist sleeper cell in a Buffalo suburb didn't plead guilty Monday to supporting terrorism.	0	negation
248	Researchers found the fossils in a semidesert area of Venezuela , about 250 miles west of Caracas .	Phoberomys ' skeleton was unearthed 250 miles west of Caracas , Venezuela .	1	Phoberomys' skeleton was not unearthed 250 miles west of Caracas, Venezuela.	0	negation
249	More than 100 police officers were involved in the busts that were the culmination of a two-year operation investigating the cocaine importing and money laundering gang .	More than 100 officers launched the London raids in the final phase of a two-year operation investigating a cocaine and money laundering ring .	1	More than 100 officers didn't launch the London raids in the final phase of a two-year operation investigating a cocaine and money laundering ring.	0	negation
250	The girls and three of the cadets were cited for underage drinking .	The girls , ages 16 and 18 , were ticketed for underage drinking along with three of the cadets .	1	The girls, ages 16 and 18, were not ticketed for underage drinking along with three of the cadets.	0	negation
251	The tour plans to make stops in 103 cities before rallying in Washington on Oct. 1-2 , and in New York City on Oct. 3-4 .	The tour will stop in 103 cities before rallying in Washington on Oct. 1 and 2 , and New York on Oct. 3 and 4 .	1	The tour will not stop in 103 cities before rallying in Washington on Oct. 1 and 2, and New York on Oct. 3 and 4.	0	negation
252	Microsoft says customers can install applications and software on their handset wirelessly or from a PC via USB connection .	Additional applications and software can be downloaded via the phone or from a PC via a USB connection .	1	Additional applications and software can not be downloaded via the phone or from a PC via a USB connection.	0	negation
253	Beleaguered telecommunications gear maker Lucent Technologies is being investigated by two federal agencies for possible violations of U.S. bribery laws in its operations in Saudi Arabia .	Two federal agencies are investigating telecommunications gear maker Lucent Technologies for possible violations of U.S. bribery laws in its operations in Saudi Arabia .	1	Two federal agencies are not investigating telecommunications gear maker Lucent Technologies for possible violations of U.S. bribery laws in its operations in Saudi Arabia.	0	negation
254	LLEYTON Hewitt yesterday traded his tennis racquet for his first sporting passion - Australian football - as the world champion relaxed before his Wimbledon title defence .	LLEYTON Hewitt yesterday traded his tennis racquet for his first sporting passion  Australian rules football  as the world champion relaxed ahead of his Wimbledon defence .	1	LEYTON Hewitt yesterday didn't trade his tennis racquet for his first sporting passion  Australian rules football  as the world champion relaxed ahead of his Wimbledon defense.	0	negation
255	Jirsa is being introduced as Marshall head coach today at a noon news conference in the Bob Hartley / Big Green Room of Cam Henderson Center , The Herald-Dispatch learned .	Jirsa will be introduced as the 25th Marshall basketball coach today at a press conference in the Henderson Center  s Big Green Room .	1	JIRS will not be introduced as the 25th Marshall basketball coach today at a press conference in the Henderson Center's Big Green Room.	0	negation
256	The new policy gives greatest weight to grades , test scores and a student 's high school curriculum .	Academic achievement -- including grades , test scores and high school curriculum -- are given the highest priority .	1	Academic achievement -- including grades, test scores and high school curriculum -- are not given the highest priority.	0	negation
257	About 1,500 firefighters here and north of the neighboring city of Rancho Cucamonga battled flames with helicopters , air tankers and bulldozers .	About 1500 firefighters in Fontana and the neighbouring city of Rancho Cucamonga battled flames with helicopters , air tankers and bulldozers .	1	About 1500 firefighters in Fontana and the neighboring city of Rancho Cucamonga didn't battle flames with helicopters, air tankers and bulldozers.	0	negation
258	Her lawyers filed a lawsuit against the Dallas County district attorney , Henry Wade , challenging Texas 's abortion laws .	In 1969 , Ms. McCorvey 's attorneys filed suit against Dallas County District Attorney Henry Wade challenging the state 's abortion laws .	1	In 1969, Ms. McCorvey's attorneys didn't file suit against Dallas County District Attorney Henry Wade challenging the state's abortion laws.	0	negation
259	U.S. District Judge William Steele set a hearing tomorrow on the lawsuit .	U.S. District Judge William Steele has set the hearing on the suit for Wednesday .	1	U.S. District Judge William Steele has not set the hearing on the suit for Wednesday.	0	negation
260	This northern autumn US trainers will work with soldiers from four North African countries on patrolling and gathering intelligence .	Later this year , the command will send trainers with soldiers from four North African nations on patrolling and intelligence gathering missions .	1	Later this year, the command will not send trainers with soldiers from four North African nations on patrolling and intelligence gathering missions.	0	negation
261	SARS went on to claim the lives of 44 people in the Toronto area , including two nurses and a doctor .	The virus killed 44 people in the Toronto area , including one doctor and two nurses .	1	The virus didn't kill 44 people in the Toronto area, including one doctor and two nurses.	0	negation
262	The autopsy was ordered sealed at the request of both the prosecution and defense .	Girolami ordered the records conditionally sealed May 15 at the request of prosecution and defense attorneys .	1	Girolami didn't order the records conditionally sealed May 15 at the request of prosecution and defense attorneys.	0	negation
263	Meanwhile , the U.S. civilian administrator for Iraq , L. Paul Bremer , paid a two-hour visit to the northern cities of Erbil and Sulaimaniyah .	Elsewhere in the north , the American administrator for Iraq , L. Paul Bremer III , paid a brief , low-profile visit to the cities of Erbil and Suleimaniya .	1	Elsewhere in the north, the American administrator for Iraq, L. Paul Bremer III, didn't pay a brief, low-profile visit to the cities of Erbil and Suleiman.	0	negation
264	INTEL TODAY disclosed details of its next-generation XScale processor for mobile phones and handheld devices here in San Jose .	Intel on Wednesday unveiled its next-generation processor for cell phones , PDAs , and other wireless devices .	1	Intel on Wednesday didn't unveil its next-generation processor for cell phones, Pas, and other wireless devices.	0	negation
265	Among the Group of Seven nations , the leading indicator rose to 119.1 from 118.2 in April .	The Group of Seven nations , meanwhile , also saw some improvement , with the leading indicator rising to 119.1 , from April 's 118.2 .	1	The Group of Seven nations, meanwhile, didn't see some improvement, with the leading indicator rising to 119.1, from April's 118.2.	0	negation
266	Born in 1953 in Baghdad , her father was Salih Magdi Ammash , a former Vice-President , Defence Minister and member of the Baath party leadership .	Born in 1953 in Baghdad , she is the daughter of Saleh Mahdi Ammash , a former vice-president , defence minister and member of the Baath party 's leadership .	1	Born in 1953 in Baghdad, she is not the daughter of Saleh Mahdi Ammash, a former vice-president, defense minister and member of the Baath party's leadership.	0	negation
267	Also demonstrating box-office strength - and getting seven Tony nominations - was a potent revival of Eugene O 'Neill 's family drama , Long Day 's Journey Into Night .	"Also demonstrating box-office strength -- and getting seven Tony nominations -- was a potent revival of Eugene ONeills family drama , Long Days Journey Into Night . """	1	"Also demonstrating box-office strength -- and getting seven Tony nominations -- was not a potent revival of Eugene ONeills family drama, Long Days Journey Into Night. """	0	negation
268	Pepper spray and four arrests marked a Monday evening march and rally by about 400 activists protesting an annual training seminar of the Law Enforcement Intelligence Unit .	Police using pepper spray arrested 12 people Monday night at a march and rally by about 400 activists protesting an annual training seminar of the Law Enforcement Intelligence Unit .	1	Police using pepper spray didn't arrest 12 people Monday night at a march and rally by about 400 activists protesting an annual training seminar of the Law Enforcement Intelligence Unit.	0	negation
269	Chief Justice William Rehnquist and Justices Antonin Scalia and Sandra Day O 'Connor agreed with Thomas .	He was joined by Chief Justice William H. Rehnquist and Justices Sandra Day O 'Connor and Antonin Scalia .	1	He was not joined by Chief Justice William H. Rehnquist and Justices Sandra Day O 'Connor and Antonin Scalia.	0	negation
270	Meanwhile , students and others at Pacific Lutheran University near Tacoma , about 40 miles to the south , acted out a second , simultaneous attack on campus .	Meanwhile , volunteers at Pacific Lutheran University near Tacoma , about 40 miles to the south , simulated a second , simultaneous attack .	1	Meanwhile, volunteers at Pacific Lutheran University near Tacoma, about 40 miles to the south, didn't simulate a second, simultaneous attack.	0	negation
271	The findings are published in the November 6 edition of the journal Nature .	Both studies are published on Thursday in Nature , the British weekly science journal .	1	Both studies are not published on Thursday in Nature, the British weekly science journal.	0	negation
272	The formula for its baby food is prepared by the German-owned Humana Milchunion .	The formula is produced for Remedia by German company Humana Milchunion .	1	The formula is not produced for Remedial by German company Humana Milchunion.	0	negation
273	The intelligence service , headed by Mr. Fujimori 's spy chief , Vladimiro Montesinos , was accused of tortures , drug trafficking and disappearances .	The head of the intelligence service under Mr. Fujimori , Vladimiro Montesinos , was accused of tortures and disappearances .	1	The head of the intelligence service under Mr. Fujimori, Vladimiro Montesinos, was not accused of tortures and disappearances.	0	negation
274	The district also sent letters yesterday informing parents of the situation .	Parents received letters informing them of the possible contamination yesterday .	1	Parents didn't receive letters informing them of the possible contamination yesterday.	0	negation
275	"Still , Jessica Biel ( of "" 7th Heaven "" fame ) brings an athletic intensity to the role of Leatherface 's last elusive victim ."	Still , Jessica Biel ( formerly of the WB  s  7th Heaven  ) brings an athletic intensity to the role of Leatherface  s last elusive victim .	1	Still, Jessica Biel (formerly of the WB's 7th Heaven ) doesn't bring an athletic intensity to the role of Leatherface last elusive victim.	0	negation
276	Additionally , the h2210  s cradle has room to charge a second battery .	The cradle for the h2200 has space for recharging a second battery .	1	The cradle for the h2200 doesn't have space for recharging a second battery.	0	negation
277	Forecasters said warnings might go up for Cuba later Thursday .	Watches or warnings could be issued for eastern Cuba later on Thursday .	1	Watches or warnings could not be issued for eastern Cuba later on Thursday.	0	negation
278	The New York Yankees took third baseman Eric Duncan from Seton Hall Prep in New Jersey with the 27th pick .	The Yankees selected Eric Duncan , a third baseman from Seton Hall Prep in New Jersey , with the 27th pick .	1	The Yankees didn't select Eric Duncan, a third baseman from Seton Hall Prep in New Jersey, with the 27th pick.	0	negation
279	Sequent representatives could not immediately be reached for comment on the SCO announcement .	A spokesman for SCO could not be reached for comment this afternoon .	1	A spokesman for SCO could be reached for comment this afternoon.	0	rm_negation
280	"We cannot allow anything like that , and we won 't . """	""" We cannot , and will not , allow anything of the kind . """	1	""" We can, and will, allow anything of the kind. """	0	rm_negation
281	""" The economy , nonetheless , has yet to exhibit sustainable growth ."	But the economy hasn 't shown signs of sustainable growth .	1	But the economy has shown signs of sustainable growth.	0	rm_negation
282	Those conversations had not taken place as of Tuesday night , according to an Oracle spokeswoman .	Those talks have not taken place , according to an Oracle spokeswoman .	1	Those talks have taken place , according to an Oracle spokeswoman .	0	rm_negation
283	At Tuesday 's arraignment hearing , Marsh pleaded not guilty to 122 counts of burial service fraud and 47 counts of making false statements .	At the hearing he pleaded not guilty to the burial service fraud and false statements charges .	1	At the hearing he pleaded guilty to the burial service fraud and false statements charges .	0	rm_negation
284	Handspring 's shareholders will receive 0.09 Palm shares ( and no shares of PalmSource ) for each share of Handspring common stock they own .	The transaction will grant Handspring stockholders 0.09 of a share of Palm--and no shares of PalmSource--for each share of Handspring common stock .	1	The transaction will grant Handspring stockholders 0.09 of a share of Palm--and shares of PalmSource--for each share of Handspring common stock .	0	rm_negation
285	"We cannot allow anything like that , and we won 't . """	""" We cannot , and will not , allow anything of the kind . """	1	""" We cannot , and will , allow anything of the kind . """	0	rm_negation
286	The Senate version has no coverage for annual costs between $ 4,450 and $ 5,800 .	They would receive no help with costs between $ 4,500 and $ 5,800 .	1	They would receive help with costs between $ 4,500 and $ 5,800 .	0	rm_negation
287	No official ceremony was planned to mark the anniversary in Dallas .	In Dallas , no official ceremony marked the anniversary .	1	In Dallas , official ceremony marked the anniversary .	0	rm_negation
288	That comment undercut his remarks in an interview on Tuesday that the ECB had not exhausted its ammunition for rate cuts .	His comments diluted remarks reported in an interview on Tuesday saying the ECB had not exhausted its ammunition for rate cuts .	1	His comments diluted remarks reported in an interview on Tuesday saying the ECB had exhausted its ammunition for rate cuts .	0	rm_negation
289	The defense cannot appeal Roush 's ruling until after the trial .	Defense lawyers cannot appeal the ruling until after trial , in the appellate courts .	1	Defense lawyers can appeal the ruling until after trial , in the appellate courts .	0	rm_negation
